Product ID,Category,Store ID,Date,Sales,Discount,Profit
P5328,Electronics,S005,07-05-2024,389.7,19.49,40.06
P8191,Clothing,S002,24-02-2024,489.46,14.36,44.4
P1708,Electronics,S005,15-04-2024,177.8,18.67,45.79
P1291,Home Appliances,S001,20-10-2024,352.54,35.27,67.39
P1761,Clothing,S005,27-01-2024,203.74,49.09,65.36
P6676,Electronics,S003,05-12-2024,158.14,13.94,88.58
P6227,Groceries,S005,25-02-2024,283.39,47.89,95.19
P9584,Clothing,S002,26-07-2024,237.51,47.67,54.17
P7552,Books,S002,11-09-2024,200.43,25.47,70.44
P5011,Books,S004,21-01-2024,279.29,11.61,26.39
P2606,Home Appliances,S003,20-09-2024,279.81,40.13,68.14
P3165,Groceries,S002,26-01-2024,227.88,15.67,65.69
P2321,Electronics,S005,21-04-2024,429.18,44.52,95.91
P3397,Home Appliances,S005,02-07-2024,309.9,35.59,45.48
P4131,Clothing,S003,26-01-2024,473.26,24.14,16.63
P1924,Clothing,S005,02-06-2024,165.12,47.05,28.6
P8867,Clothing,S005,07-12-2024,265.47,11.75,17.22
P5661,Groceries,S001,23-11-2024,327.39,42.81,90.58
P6399,Electronics,S003,13-08-2024,297.77,25.36,9.15
P3785,Books,S001,22-02-2024,408.22,16.08,45.02
P6016,Clothing,S001,29-07-2024,254.34,27,48.54
P6449,Groceries,S002,23-01-2024,394.01,20.14,54.46
P8304,Electronics,S005,07-09-2024,319.95,20.09,37.19
P3321,Electronics,S004,22-01-2024,12.24,11.33,38.2
P7884,Home Appliances,S001,19-11-2024,300.69,2.18,26.95
P8007,Clothing,S001,20-04-2024,157.88,45.25,78.37
P9702,Groceries,S003,16-02-2024,431.74,0.72,9.56
P5788,Books,S003,18-12-2024,176.79,31.98,17.31
P2009,Books,S003,16-01-2024,439.8,35.62,72.3
P4585,Clothing,S002,14-12-2024,42.39,27.37,13.8
P8288,Clothing,S001,30-01-2024,187.12,34.7,75.47
P4334,Home Appliances,S003,22-05-2024,93.5,35.09,71.62
P8024,Home Appliances,S003,06-08-2024,423.45,14.31,73.42
P7235,Clothing,S001,08-08-2024,277.84,19.13,60.04
P2692,Home Appliances,S003,14-06-2024,58.34,36.27,46.45
P5054,Clothing,S002,21-07-2024,93.35,32.19,33.45
P1029,Home Appliances,S005,06-10-2024,65.3,16.66,21.06
P6591,Electronics,S001,16-04-2024,44.62,37.84,78.57
P1614,Electronics,S005,28-08-2024,153.22,6.75,28.11
P4027,Books,S004,07-08-2024,90.69,21.19,7.07
P7085,Books,S005,01-05-2024,124.51,31.18,42.71
P3478,Clothing,S002,31-03-2024,387.5,2.04,6.3
P6576,Electronics,S005,24-05-2024,108.25,45.7,74.35
P4128,Home Appliances,S002,10-11-2024,118.6,29.26,67.92
P8944,Clothing,S003,17-06-2024,353.86,44.15,71.59
P9684,Books,S005,08-01-2025,477.6,6.84,50.18
P2840,Electronics,S001,25-03-2024,302.59,10.81,20.28
P8269,Electronics,S005,21-08-2024,497.04,21.48,77.21
P3775,Home Appliances,S005,25-02-2024,312.58,5.68,78.48
P1791,Clothing,S002,11-06-2024,149.93,24.57,17.26
P1206,Clothing,S005,09-11-2024,205.02,4.29,93.97
P1486,Home Appliances,S003,04-10-2024,117.67,40.25,18.7
P9828,Electronics,S003,25-09-2024,286.87,29.75,44.08
P6477,Home Appliances,S001,23-12-2024,354.16,40.79,62.28
P4639,Books,S004,13-02-2024,477.04,36.29,8.91
P6117,Books,S001,06-12-2024,333.72,38.35,13.23
P5700,Home Appliances,S001,30-10-2024,299.2,16.99,94.28
P5748,Home Appliances,S004,10-11-2024,193.14,21.61,54.73
P3018,Clothing,S003,16-12-2024,203.21,45.41,20.37
P3363,Electronics,S005,24-12-2024,193.32,32.8,5.59
P1437,Clothing,S002,07-06-2024,128.16,36.18,10.21
P4662,Books,S005,16-04-2024,263.57,24.91,28.07
P1713,Books,S001,15-07-2024,51.07,11.67,65.98
P8792,Electronics,S003,10-01-2024,316.44,28.3,88.67
P6146,Electronics,S002,29-12-2024,110.79,3.89,37.47
P6705,Books,S004,13-05-2024,449.88,13.98,88.13
P5164,Groceries,S004,19-05-2024,152.97,5.88,64.53
P3465,Home Appliances,S003,12-10-2024,496.86,32.73,51.99
P4338,Home Appliances,S005,06-04-2024,269.12,9.82,68.4
P9846,Electronics,S003,06-12-2024,353.59,18.39,90.57
P7465,Clothing,S003,06-02-2024,237.26,15.29,18.85
P8841,Home Appliances,S002,09-04-2024,78.65,13.1,83.11
P6919,Clothing,S003,06-06-2024,28.13,37.52,33.18
P5411,Home Appliances,S003,10-02-2024,161.45,13.59,53.17
P8817,Clothing,S005,15-02-2024,40.99,15.09,44.43
P4727,Electronics,S005,29-05-2024,446.78,26.67,46.73
P4361,Home Appliances,S005,14-06-2024,495.96,32.56,90.71
P5078,Electronics,S001,02-09-2024,450.95,39.13,37.67
P2434,Groceries,S004,27-08-2024,373.33,41.25,31.28
P8311,Clothing,S003,02-11-2024,370.21,31.48,83.65
P4437,Home Appliances,S005,11-02-2024,109.3,35.34,63.77
P1031,Groceries,S002,07-04-2024,279.37,45.58,19.74
P3257,Home Appliances,S005,04-08-2024,310.65,15.56,30.21
P8577,Groceries,S004,13-04-2024,373.29,47.53,20.53
P1548,Home Appliances,S001,12-09-2024,428.02,6.86,33.91
P5771,Home Appliances,S005,10-02-2024,445.26,33.44,15.36
P6068,Groceries,S002,11-01-2024,384.4,29.74,20.59
P6561,Clothing,S003,14-05-2024,375.49,10.13,65.34
P8986,Books,S002,05-10-2024,67.74,10.92,68.87
P4322,Home Appliances,S001,04-05-2024,242.63,5.43,59.72
P5516,Groceries,S005,11-03-2024,481.74,14.97,18.7
P1453,Home Appliances,S004,16-11-2024,354.32,46.1,53.84
P6311,Home Appliances,S005,20-12-2024,107.09,45.43,63
P1099,Clothing,S004,07-08-2024,114.15,43.04,47.56
P9181,Clothing,S005,02-02-2024,42.51,39.57,64.39
P7619,Books,S004,13-01-2024,26.8,31.67,5.89
P3179,Electronics,S004,07-05-2024,443.72,33.89,64.77
P2523,Home Appliances,S002,17-07-2024,198.03,24.42,99.28
P1105,Groceries,S004,17-03-2024,153.98,18.98,56.49
P2006,Electronics,S003,26-06-2024,280.31,30.35,85.35
P2270,Books,S003,30-04-2024,191.55,25.92,5.74
P2714,Home Appliances,S003,09-08-2024,243.06,36.82,82.49
P9208,Clothing,S003,25-07-2024,301.94,16.18,40.03
P8625,Electronics,S003,28-12-2024,405.23,8.89,56.88
P5553,Books,S004,18-04-2024,288.23,43.59,16.8
P8436,Clothing,S003,06-11-2024,28.72,39.76,19.25
P6843,Electronics,S005,07-04-2024,196.23,5.66,96.15
P1440,Books,S002,26-12-2024,259.74,35.94,92.39
P4210,Electronics,S005,28-01-2024,445.64,2.91,98.41
P2576,Clothing,S004,24-07-2024,488.57,27.39,98.19
P7567,Home Appliances,S004,06-01-2025,364.62,24.01,16.76
P8489,Electronics,S005,29-03-2024,106.85,44.69,66.85
P6240,Groceries,S001,21-07-2024,459.82,22.44,77.95
P1159,Electronics,S002,04-01-2025,313.75,26.05,64.53
P8735,Clothing,S005,19-03-2024,451.86,33.87,52.58
P4205,Books,S003,14-07-2024,252.18,30.61,80.39
P4200,Electronics,S002,15-07-2024,491.09,4.17,39.12
P6249,Clothing,S004,06-07-2024,124.62,45.24,11.01
P6497,Groceries,S001,09-04-2024,20.91,7.55,18.04
P9270,Clothing,S005,29-12-2024,421.05,49.66,76.88
P4458,Electronics,S003,10-07-2024,404.26,18.21,9.91
P6804,Clothing,S005,25-12-2024,271.6,8.85,97.79
P3370,Clothing,S003,13-06-2024,162.62,24.6,65.32
P5590,Groceries,S005,20-01-2024,178.34,19.18,43.64
P3981,Books,S001,06-05-2024,294.6,7.16,70.23
P4827,Electronics,S004,10-05-2024,152.61,23.15,94.87
P4216,Clothing,S005,23-05-2024,440.86,15.08,33.93
P2379,Home Appliances,S005,16-12-2024,150.17,14.57,45.01
P3441,Groceries,S001,17-07-2024,235.49,29.62,57.14
P2116,Electronics,S003,28-06-2024,397.93,12.25,58.31
P5098,Home Appliances,S002,08-11-2024,491.01,48.81,91.78
P1720,Home Appliances,S004,16-05-2024,376.39,35.57,80.23
P7743,Home Appliances,S005,16-11-2024,118.87,30.96,21.67
P1053,Books,S002,19-06-2024,205.87,19.6,6.15
P4322,Electronics,S004,31-07-2024,380.69,47.63,84.68
P1279,Books,S004,22-03-2024,177.54,11.86,40.89
P5583,Books,S003,21-12-2024,69.42,9.46,11.62
P5409,Books,S005,11-02-2024,257.85,43.91,85.48
P9049,Electronics,S001,29-01-2024,284.02,43.13,70.08
P7838,Clothing,S005,11-01-2024,348.4,22.42,29.86
P8113,Books,S002,02-06-2024,179.31,26.71,47.41
P5202,Electronics,S005,02-07-2024,209.03,13.16,76.06
P5206,Books,S004,03-04-2024,350.02,12.76,42.49
P6095,Electronics,S003,05-02-2024,192.58,28.33,40.45
P6927,Electronics,S003,04-05-2024,322.08,11.73,5.45
P1935,Clothing,S001,15-06-2024,197.42,44.66,40.68
P9826,Electronics,S002,23-11-2024,482.88,23.52,58.12
P5403,Electronics,S003,15-12-2024,493.33,1.17,21.64
P9870,Electronics,S002,16-12-2024,58.17,17.32,17.81
P8983,Clothing,S002,20-06-2024,260.9,18.66,30.71
P5958,Clothing,S001,31-03-2024,357.79,19.85,15.73
P3919,Books,S001,07-12-2024,329.44,38.17,92.96
P7461,Clothing,S003,23-06-2024,273.13,33.12,45.04
P6173,Home Appliances,S002,25-07-2024,172.62,18.52,20.46
P6021,Books,S005,23-10-2024,466.27,23.26,97.86
P3232,Clothing,S003,22-08-2024,29.79,30.41,25
P4442,Groceries,S001,10-03-2024,134.02,6.53,86.67
P8531,Groceries,S002,15-02-2024,383.32,14.65,35.11
P6750,Home Appliances,S003,07-11-2024,420.03,28.15,54.98
P2558,Books,S001,22-09-2024,69.91,44.99,44.38
P6953,Groceries,S004,26-11-2024,129.98,38.8,47.85
P1040,Books,S002,28-04-2024,81.27,28.67,68.8
P1299,Electronics,S003,27-05-2024,29.89,35.16,97.08
P2983,Clothing,S001,12-09-2024,443.54,4.3,64.84
P1309,Clothing,S005,18-12-2024,382.32,47.14,17.16
P4614,Home Appliances,S002,27-07-2024,419.16,4.6,48.94
P3983,Electronics,S002,22-04-2024,325.29,37.36,14.26
P3096,Groceries,S001,24-03-2024,19.19,11.32,96.39
P3050,Books,S003,18-06-2024,179.14,23.2,85.06
P5401,Home Appliances,S002,29-12-2024,326.17,11.61,99.15
P3778,Books,S002,27-03-2024,330.91,28.39,16
P2992,Groceries,S004,06-01-2025,374.63,26.92,28.7
P9783,Books,S004,29-05-2024,424.78,8.81,50
P2474,Electronics,S002,27-10-2024,366.2,20.19,55.18
P3102,Groceries,S001,11-08-2024,71.81,18.76,21.89
P1256,Books,S002,07-01-2025,327.35,8.65,39.11
P1721,Electronics,S003,12-06-2024,198.2,47.29,41.29
P1706,Clothing,S002,22-04-2024,46.5,5.58,98.77
P5713,Electronics,S004,04-04-2024,53.3,22.48,47.18
P4764,Electronics,S002,12-02-2024,95.4,27.05,9.67
P8916,Books,S004,16-09-2024,369.47,22.93,23.4
P9283,Clothing,S001,10-05-2024,348.9,4.35,75.05
P5801,Books,S001,10-01-2024,158.63,19.61,32.93
P6837,Home Appliances,S001,20-06-2024,425.17,20.55,6.25
P3339,Electronics,S004,04-04-2024,349.77,8.1,77.49
P8295,Home Appliances,S001,05-02-2024,41.25,5.92,64.56
P3102,Groceries,S004,25-03-2024,10.83,24.52,76.92
P5904,Books,S005,05-09-2024,185.14,40.83,52.57
P5178,Clothing,S004,30-03-2024,162.29,4.21,81.39
P1882,Electronics,S005,10-05-2024,94.04,0.16,53.16
P2960,Clothing,S004,07-08-2024,184.98,6.84,59.71
P8810,Groceries,S005,08-04-2024,53.58,48.65,49.87
P3343,Clothing,S002,08-11-2024,73.6,12.07,33.99
P6829,Home Appliances,S003,19-12-2024,287.13,8.33,41.7
P2536,Clothing,S003,04-11-2024,272.17,31.88,12.51
P3120,Books,S004,25-06-2024,206.81,1.97,98.4
P3252,Groceries,S002,31-05-2024,117.68,10.8,94.65
P2349,Groceries,S001,21-05-2024,64.22,26.61,27.56
P9350,Books,S001,24-05-2024,254.45,31.01,21.78
P4521,Books,S005,20-12-2024,162.71,12.59,18.29
P9407,Clothing,S004,03-02-2024,357.95,44.89,71.85
P5162,Home Appliances,S003,27-04-2024,273.16,19.3,59.12
P2272,Groceries,S001,19-03-2024,48.78,37.8,97.15
P8571,Electronics,S003,26-04-2024,115.81,36.4,16.26
P4862,Books,S001,27-01-2024,199.03,11.93,10.66
P6644,Groceries,S005,14-09-2024,193.33,37.03,48.92
P7780,Books,S001,09-05-2024,183.38,15.2,6.73
P9439,Home Appliances,S004,12-10-2024,214.07,28.76,29.01
P7677,Electronics,S001,19-12-2024,83.18,45.69,76.65
P2478,Electronics,S005,09-04-2024,98.4,23.74,35.06
P2850,Books,S002,22-10-2024,42.56,17.98,99.02
P3461,Home Appliances,S002,25-10-2024,11.64,13.89,20.29
P8965,Books,S004,21-07-2024,136.45,31.58,8.72
P6684,Clothing,S001,10-12-2024,327.55,40.56,20.4
P1617,Clothing,S002,21-08-2024,249.32,28.17,23.73
P9181,Groceries,S002,25-03-2024,455.52,46.89,10.42
P8259,Electronics,S005,09-08-2024,98,21.76,46.95
P1063,Books,S003,21-10-2024,11.01,45.36,43.88
P1525,Groceries,S002,19-04-2024,272.46,5.93,87.16
P7708,Electronics,S005,30-04-2024,447.57,38.83,44.58
P7689,Groceries,S005,16-02-2024,327.82,40.81,12.63
P1152,Home Appliances,S004,10-04-2024,279.53,39.25,50.22
P1085,Groceries,S004,30-08-2024,300.39,7.49,95.12
P5576,Electronics,S002,02-03-2024,335.29,39.04,67.35
P3141,Electronics,S001,21-07-2024,220.33,4.09,93.82
P8691,Clothing,S001,19-07-2024,291.5,31.46,35.36
P3111,Electronics,S005,06-03-2024,259.96,10.69,53.8
P7655,Home Appliances,S003,11-12-2024,273.3,39.68,22.04
P4008,Groceries,S002,12-01-2024,438.35,41.41,12.15
P2303,Books,S005,31-10-2024,158.33,35.88,20.45
P3177,Home Appliances,S002,29-10-2024,364.92,39.89,92.07
P1407,Groceries,S004,30-11-2024,237.38,22.61,25.57
P3917,Groceries,S003,17-03-2024,357.34,17.47,86.55
P9183,Clothing,S005,21-11-2024,59.11,7.36,75.93
P1887,Groceries,S004,01-09-2024,450.52,40.96,45.24
P4938,Books,S005,19-06-2024,404.81,26.57,91.39
P4793,Home Appliances,S005,07-05-2024,160.38,39.92,44.12
P2083,Groceries,S002,29-07-2024,488.55,11.15,7.95
P6241,Books,S001,28-11-2024,107.28,36.6,5.27
P2795,Clothing,S001,08-08-2024,486,16.46,84.17
P1554,Groceries,S001,18-10-2024,342.75,37.29,92.25
P6310,Home Appliances,S002,07-10-2024,363.58,3.1,17.24
P1315,Clothing,S001,07-06-2024,412.02,39.37,33.33
P3197,Home Appliances,S002,28-12-2024,63.89,34.08,68.81
P8479,Groceries,S001,14-07-2024,103.92,2.9,20.91
P1661,Books,S002,13-10-2024,275.78,19.31,94.51
P6533,Groceries,S001,24-01-2024,410.34,2.97,14.82
P4976,Home Appliances,S001,06-02-2024,491.87,14.34,72.24
P9738,Home Appliances,S002,05-10-2024,259.07,30.76,81.97
P6381,Books,S004,18-08-2024,171.69,34.61,67.27
P5244,Books,S002,14-09-2024,19.86,19.91,25.42
P1858,Clothing,S001,08-03-2024,478.25,24.9,75.52
P1025,Books,S001,31-07-2024,456.29,19.86,22.43
P6696,Clothing,S004,09-11-2024,183.11,30.61,44.11
P9581,Home Appliances,S002,06-05-2024,213.21,8.6,31.4
P2440,Electronics,S004,14-06-2024,79.28,37.02,90.52
P3729,Books,S003,26-09-2024,394.04,22.01,48.8
P3449,Home Appliances,S001,29-08-2024,349.35,22.11,21.8
P7111,Groceries,S003,06-02-2024,346.63,18.43,18.8
P9789,Electronics,S005,26-11-2024,126.41,29.12,75.06
P4505,Home Appliances,S001,25-07-2024,303.34,10.44,27.04
P2521,Clothing,S002,26-05-2024,139.7,11.2,46.13
P1329,Groceries,S003,22-02-2024,395.32,49.1,74.95
P1845,Groceries,S001,12-03-2024,239.59,20.5,91.43
P3576,Clothing,S005,21-01-2024,249.4,41.89,20.15
P6751,Home Appliances,S005,29-06-2024,47.83,30.25,57.64
P9333,Home Appliances,S004,16-10-2024,148.68,14.17,84.6
P4762,Home Appliances,S001,27-07-2024,57.48,7.33,11.41
P1772,Electronics,S001,25-06-2024,160.26,19.46,19.99
P5275,Books,S002,21-03-2024,143.8,23.3,63.89
P7385,Groceries,S005,08-02-2024,233.62,16.94,45.42
P7197,Books,S005,27-11-2024,284.4,23,64.8
P2263,Home Appliances,S004,16-03-2024,377.52,33.05,61.49
P3409,Home Appliances,S003,28-08-2024,235.79,2.97,84.17
P3552,Groceries,S005,22-01-2024,20.04,30.36,45.49
P6026,Electronics,S003,31-05-2024,229.29,8.67,34.95
P6769,Clothing,S005,04-01-2025,332.28,14.96,60.83
P6322,Groceries,S001,12-05-2024,306.38,13.26,17.05
P7665,Clothing,S005,27-03-2024,252.31,22.3,91.9
P9764,Electronics,S001,04-08-2024,417.93,31.8,47.15
P8614,Home Appliances,S004,28-07-2024,40.19,31.29,26.36
P9196,Books,S003,05-03-2024,484.17,15.64,38.69
P1186,Clothing,S004,08-08-2024,393.84,21.19,11.64
P8502,Home Appliances,S003,15-10-2024,124.56,32.95,87.61
P2614,Clothing,S003,09-12-2024,258.04,14.93,12.5
P4911,Clothing,S003,16-11-2024,122.78,29.66,15.16
P7071,Electronics,S001,19-01-2024,463.23,16,11.12
P5731,Home Appliances,S004,21-02-2024,50.17,9.54,52.7
P3435,Clothing,S005,03-05-2024,20.38,24.28,18.15
P5482,Electronics,S002,18-05-2024,361.87,22.33,82.81
P5840,Clothing,S004,01-05-2024,305.42,40.15,46.09
P8524,Books,S001,21-07-2024,31.11,28.81,22.31
P4655,Books,S002,20-10-2024,28.45,32.29,99.82
P5285,Groceries,S004,18-11-2024,28.34,45.24,5.22
P4459,Books,S005,19-10-2024,335.13,4.62,88.6
P3488,Home Appliances,S002,01-12-2024,191.01,12,74.55
P6059,Clothing,S005,04-09-2024,389.76,33.67,89.78
P9734,Groceries,S005,30-11-2024,155.72,11.75,37.77
P3616,Clothing,S003,29-11-2024,311.22,2.5,25.19
P2823,Clothing,S003,17-10-2024,199.64,0.11,16.45
P3915,Groceries,S002,10-07-2024,355.58,0.48,12.11
P6412,Clothing,S005,15-04-2024,136.25,34.42,85.72
P9155,Books,S005,29-03-2024,49.17,7.67,6.57
P3951,Home Appliances,S005,19-09-2024,53.7,21.47,88.43
P1722,Books,S001,26-04-2024,441.09,15.88,78.25
P1589,Books,S005,01-06-2024,133.42,22.98,89.49
P5587,Clothing,S005,13-08-2024,458.72,25.69,54.18
P4996,Electronics,S004,19-01-2024,498.29,30.05,36.41
P4649,Electronics,S005,26-09-2024,318.02,10.79,44.22
P9944,Groceries,S003,12-10-2024,61.82,1.33,28.92
P8903,Home Appliances,S003,01-11-2024,80.83,38.12,49.99
P6045,Groceries,S001,03-01-2025,51.28,46.21,68.7
P6725,Electronics,S004,30-10-2024,302.67,32.67,21.97
P6294,Electronics,S001,06-06-2024,69.76,33.12,75.29
P4815,Groceries,S002,23-09-2024,369.97,26.36,99.96
P6621,Clothing,S003,29-02-2024,273.22,11.35,86.97
P2818,Home Appliances,S001,25-01-2024,229.74,28.82,7
P8957,Clothing,S004,27-11-2024,160.52,45.38,38.01
P7588,Clothing,S004,26-11-2024,277.48,33.85,45.53
P2796,Clothing,S005,28-11-2024,64.14,28.22,89.16
P5235,Electronics,S004,23-12-2024,55.55,35.43,8.53
P7450,Home Appliances,S002,08-08-2024,372.56,49.67,87.6
P8915,Electronics,S003,28-09-2024,353.26,29.07,98.25
P4759,Home Appliances,S001,12-05-2024,20.68,45.32,19.56
P6729,Books,S004,10-11-2024,169.89,41.82,33.42
P2466,Groceries,S005,09-06-2024,80.06,1.96,27.84
P9981,Books,S004,01-10-2024,453.26,31.1,99.14
P9064,Books,S001,10-09-2024,363.31,6.74,45.11
P8735,Groceries,S002,07-11-2024,145.2,39.86,72.09
P3064,Clothing,S004,13-08-2024,14.23,29.6,7.25
P7986,Electronics,S001,18-10-2024,182.26,8,84.55
P9859,Home Appliances,S001,13-05-2024,336.34,47.81,86.67
P6740,Home Appliances,S003,09-08-2024,445.19,28.69,59.59
P9086,Groceries,S001,16-10-2024,83.75,29.64,37.08
P8114,Electronics,S002,08-10-2024,292.83,25.52,58.42
P5753,Electronics,S003,19-03-2024,240.19,18.95,24.11
P9137,Home Appliances,S003,22-05-2024,445.95,31.09,9.63
P2569,Electronics,S004,12-01-2024,395.42,44.21,30.25
P2011,Home Appliances,S001,23-06-2024,241.01,32.91,69.04
P8345,Books,S003,24-02-2024,398.09,13.63,96.17
P6537,Electronics,S005,23-04-2024,370.5,12.86,31.77
P2859,Home Appliances,S002,18-02-2024,45.52,3.36,86.56
P6570,Home Appliances,S003,16-02-2024,165.88,2.08,88.26
P6510,Clothing,S002,08-08-2024,145.22,27.12,88.78
P6377,Home Appliances,S002,06-12-2024,29.02,16.08,6.66
P7169,Groceries,S002,01-03-2024,238.25,37.59,68.18
P4564,Home Appliances,S001,29-03-2024,24.46,14.52,83.72
P1525,Books,S001,22-01-2024,472.86,16.06,12.63
P1738,Clothing,S001,15-01-2024,478.97,38.43,55.33
P3853,Clothing,S004,14-01-2024,499.38,45.23,71.1
P1600,Home Appliances,S001,25-06-2024,139.17,39.46,97.67
P3368,Home Appliances,S002,15-10-2024,191,49.35,36.98
P7063,Electronics,S004,03-03-2024,343.56,40.2,60.89
P5441,Home Appliances,S002,23-04-2024,331.43,47.35,5.61
P8618,Books,S005,24-05-2024,242,17.54,88.07
P1003,Groceries,S001,22-03-2024,424.63,20.45,62.77
P2424,Home Appliances,S003,20-05-2024,429.9,40.48,33.97
P8613,Clothing,S001,14-04-2024,65.53,48.38,83.04
P1681,Home Appliances,S003,13-11-2024,497.39,1.64,6.56
P1775,Books,S005,24-07-2024,331.1,43.35,91.5
P9621,Groceries,S002,12-03-2024,45.45,17.73,96.16
P2164,Groceries,S002,22-03-2024,491.24,24,45.29
P8942,Home Appliances,S001,29-02-2024,63.64,47.67,20.5
P7932,Home Appliances,S003,23-11-2024,433.99,31.53,80.93
P4256,Groceries,S004,20-09-2024,348.67,31.75,79.65
P4248,Home Appliances,S002,28-11-2024,182.07,43.97,72.59
P8644,Clothing,S002,01-05-2024,285.59,24.78,15.17
P4739,Clothing,S002,03-04-2024,492.36,0.51,71.61
P9079,Clothing,S005,26-01-2024,491.83,32.73,45.93
P6167,Clothing,S003,15-03-2024,474.9,42.79,74.69
P1435,Books,S004,10-06-2024,242.29,30.48,44.5
P1727,Clothing,S003,02-04-2024,415.32,30.31,13.41
P2991,Groceries,S001,23-11-2024,187.98,14.86,38.55
P7430,Books,S002,12-07-2024,368.98,45.95,36.01
P7818,Clothing,S004,03-05-2024,393.01,43.62,99.48
P2374,Books,S004,15-06-2024,73.45,10.55,88.49
P6838,Electronics,S005,12-06-2024,250.12,38.57,58.89
P3389,Clothing,S002,22-04-2024,448.66,24.08,48.02
P4860,Clothing,S004,29-06-2024,253.57,39.73,90.09
P7933,Groceries,S004,21-01-2024,148.07,40.04,13.28
P1589,Groceries,S003,29-07-2024,405.99,49.78,52.64
P7836,Electronics,S002,11-04-2024,452.07,25.51,76.13
P9467,Clothing,S003,07-10-2024,259.37,12.28,10.5
P9243,Electronics,S004,12-11-2024,304.37,31.66,84
P4057,Clothing,S004,25-08-2024,216.18,8.9,89.22
P4218,Electronics,S001,09-07-2024,242.16,43.18,33.22
P3465,Groceries,S001,01-09-2024,403.39,12.46,17
P9942,Groceries,S001,19-09-2024,291.25,0.6,61.55
P1442,Groceries,S005,09-02-2024,261.3,45.59,25.19
P2080,Clothing,S003,17-01-2024,61.4,2.62,30.37
P3358,Clothing,S002,19-08-2024,288.61,24.09,87.44
P7770,Groceries,S004,30-08-2024,226.69,27.85,18.05
P6431,Home Appliances,S003,08-08-2024,30.36,32.66,12.54
P7327,Home Appliances,S002,10-01-2024,19.18,31.62,90.25
P7000,Home Appliances,S001,10-05-2024,163.47,24.39,37.76
P6240,Home Appliances,S003,13-11-2024,250.41,38.06,93.28
P7930,Groceries,S005,14-04-2024,215.22,11.36,92.43
P7833,Home Appliances,S002,05-12-2024,123.32,37.43,89.22
P9432,Home Appliances,S003,09-01-2024,484.25,37.75,50.1
P1815,Books,S004,21-04-2024,485.21,9.21,93.28
P2286,Groceries,S001,01-04-2024,133.93,16.85,75.1
P1485,Electronics,S004,05-04-2024,99.25,42.74,83.71
P6213,Groceries,S004,22-06-2024,141.33,21.17,62.12
P8436,Books,S003,23-09-2024,62.77,38.73,68.12
P9336,Clothing,S005,14-12-2024,173.26,22.94,58.31
P9219,Books,S005,26-03-2024,386.73,23.05,8.08
P8948,Groceries,S004,19-03-2024,386.55,8.93,41.17
P8449,Electronics,S004,06-08-2024,447.83,6.97,71.86
P2958,Home Appliances,S001,07-06-2024,31.55,35.52,84.79
P2648,Electronics,S004,18-09-2024,55.78,28.09,52.09
P6782,Electronics,S001,24-08-2024,364.78,26.01,32.8
P8203,Books,S003,28-09-2024,220.33,23.35,25.58
P4702,Clothing,S003,14-06-2024,148.18,43.73,24.81
P5017,Electronics,S004,08-08-2024,100.14,9.1,30.95
P8331,Clothing,S004,21-08-2024,475.11,28.76,12.51
P5582,Electronics,S003,18-05-2024,145.79,3.72,6.1
P2801,Home Appliances,S001,01-07-2024,459.94,43.37,14.89
P5963,Groceries,S005,31-10-2024,109.04,10.85,89.75
P1777,Electronics,S004,22-11-2024,193.41,21.26,95.68
P1966,Clothing,S001,22-10-2024,469.88,44.57,54.17
P9524,Clothing,S005,24-08-2024,105.25,9.66,38.34
P9779,Groceries,S001,13-09-2024,39.75,35.45,59.13
P1162,Electronics,S001,01-07-2024,201.16,29.93,41.65
P6186,Home Appliances,S005,17-10-2024,388,14.67,50.84
P8829,Groceries,S003,06-12-2024,236.68,3.54,28.81
P4320,Clothing,S005,28-07-2024,165.8,18.39,20.82
P6056,Books,S002,05-07-2024,369.91,24.27,83.18
P4317,Groceries,S004,20-12-2024,476.79,25.87,38.87
P4705,Electronics,S004,28-08-2024,170.68,22.62,8.78
P3519,Electronics,S003,19-08-2024,137.41,15.98,86.93
P2698,Electronics,S001,15-05-2024,183.72,12.47,72.11
P5952,Electronics,S001,02-01-2025,376.39,45.68,80.78
P9196,Electronics,S001,26-07-2024,317.8,47.86,36.13
P4754,Books,S003,14-03-2024,290.31,21.34,72.38
P2928,Books,S004,01-01-2025,151.67,1.13,12.4
P7697,Electronics,S003,25-08-2024,338.29,37.77,76.53
P2289,Groceries,S001,13-06-2024,134.93,41.22,54.83
P3064,Electronics,S002,19-03-2024,108.74,14.53,93.2
P3752,Clothing,S001,14-07-2024,497.35,40.45,94.9
P5954,Clothing,S002,26-06-2024,234.78,47.91,94.9
P2165,Clothing,S002,24-06-2024,476.76,16.52,72.48
P2694,Groceries,S002,29-12-2024,49.27,34.85,62.31
P6405,Home Appliances,S004,24-03-2024,273.77,19.95,53.41
P6957,Electronics,S003,14-12-2024,416.89,8.11,29.71
P8500,Electronics,S005,31-10-2024,481.6,35.82,23.45
P8217,Electronics,S003,09-12-2024,304.33,30.64,39.75
P6083,Electronics,S002,25-05-2024,191.65,21.88,32.34
P5440,Books,S003,29-03-2024,180.85,41.47,75.22
P1656,Books,S002,19-05-2024,89.4,36.74,13.12
P3545,Home Appliances,S002,04-06-2024,119.03,1.63,43.62
P5897,Groceries,S002,16-12-2024,411.55,8.41,81.44
P1877,Electronics,S001,18-04-2024,426.39,11.36,42.54
P3664,Clothing,S005,11-02-2024,62.18,41.54,69.98
P8500,Electronics,S005,07-02-2024,89.73,36.41,90.97
P6592,Groceries,S002,12-04-2024,313.19,20.6,51.5
P8713,Clothing,S004,06-03-2024,296.36,23.61,72.19
P1171,Books,S004,09-09-2024,397.39,22.19,28.77
P1114,Home Appliances,S003,07-01-2025,181.33,28.23,13.65
P1726,Clothing,S004,18-08-2024,327.49,10.83,61.4
P6141,Clothing,S005,12-08-2024,65.72,16,86.83
P6651,Groceries,S004,20-12-2024,62.76,44.38,63.6
P5504,Groceries,S001,23-03-2024,326.88,42.54,21.51
P9830,Groceries,S004,15-11-2024,359.85,13.8,88.91
P9277,Books,S004,20-08-2024,40.54,27.18,35.46
P4104,Books,S003,10-08-2024,77.91,38.72,19.94
P8067,Home Appliances,S005,17-10-2024,118.36,30.29,69.39
P7434,Home Appliances,S002,22-02-2024,101.92,40.23,11.29
P3960,Electronics,S002,18-09-2024,416.47,27.26,90.35
P4616,Books,S003,13-08-2024,236.31,37.98,84.93
P9596,Books,S004,19-04-2024,87.11,13.29,78.33
P5635,Home Appliances,S004,19-07-2024,190.98,45.34,11.58
P3347,Electronics,S004,02-02-2024,158.97,0.45,70.2
P6557,Books,S005,10-10-2024,251.93,19.82,54.85
P8758,Clothing,S004,17-06-2024,298.24,34.42,43.17
P4864,Groceries,S003,29-03-2024,333.9,43.27,22.49
P8362,Groceries,S002,08-04-2024,102.16,45.21,18.45
P4452,Books,S004,12-09-2024,51.85,33.89,85.2
P8009,Groceries,S003,19-05-2024,478.74,15.9,57.22
P4964,Books,S001,20-11-2024,71.19,44.84,46.26
P8901,Electronics,S001,24-11-2024,118.55,6.29,8.06
P9561,Books,S005,14-02-2024,224.7,44.68,92.3
P5607,Groceries,S003,03-08-2024,243.78,40.55,25.63
P2151,Groceries,S002,06-08-2024,179.85,11.33,25.69
P6220,Books,S005,31-01-2024,397.21,7.23,86.44
P9916,Clothing,S004,10-03-2024,481.32,16.56,72.16
P5774,Home Appliances,S004,13-04-2024,427.08,5.7,8.13
P3218,Groceries,S004,24-02-2024,349.38,44.06,56.46
P5582,Clothing,S002,19-05-2024,16.81,4.77,91.46
P6109,Clothing,S004,29-03-2024,88.39,38.93,49.76
P6442,Electronics,S001,21-09-2024,456.29,26.67,22.28
P8969,Electronics,S005,17-05-2024,114.72,46.04,94.82
P5889,Books,S003,18-02-2024,226.95,35.55,43.01
P5411,Books,S005,28-12-2024,479.9,38.6,16.63
P8101,Groceries,S003,01-02-2024,346.7,39.3,59.56
P2372,Clothing,S001,30-09-2024,80.81,34.27,56.87
P9452,Home Appliances,S003,09-05-2024,333.23,14.38,52.21
P2928,Clothing,S001,29-05-2024,377.97,13.08,89.64
P7202,Electronics,S002,28-04-2024,31.73,18.42,46.29
P6892,Books,S004,05-02-2024,496.18,42.15,28.59
P7567,Groceries,S005,27-06-2024,240.59,28.56,26.03
P2172,Electronics,S002,18-05-2024,365.75,38.28,54.15
P1238,Books,S004,09-04-2024,427.36,19.8,29.45
P8892,Electronics,S005,16-05-2024,359.82,11.15,68.79
P9517,Clothing,S004,12-10-2024,309.18,12.39,67.92
P7210,Books,S005,17-12-2024,46.28,2.27,79.29
P6391,Clothing,S003,06-12-2024,240.2,23.33,52.63
P9470,Electronics,S005,31-10-2024,44.44,42.78,98.29
P6866,Home Appliances,S005,28-03-2024,177.22,8.16,12.33
P8349,Electronics,S003,22-02-2024,249.84,40.79,24.46
P9262,Clothing,S001,30-09-2024,361.72,47.13,26.94
P2903,Books,S002,14-06-2024,131,18.64,26.85
P4680,Home Appliances,S005,15-10-2024,212.05,21.16,26.75
P3996,Groceries,S002,26-12-2024,200.99,1.76,82.14
P4185,Home Appliances,S004,07-04-2024,166.98,8.79,12.16
P6239,Groceries,S001,17-02-2024,341.74,30.23,56.56
P6967,Books,S003,18-11-2024,347.69,14.8,37.39
P7838,Clothing,S002,12-03-2024,299.47,10.11,88.67
P9582,Electronics,S001,14-04-2024,277.65,28.41,62.52
P2567,Electronics,S003,17-09-2024,319.96,31.77,15.08
P1259,Home Appliances,S001,30-04-2024,22.09,45.29,42.06
P6082,Home Appliances,S005,21-03-2024,380.93,15.68,80.41
P4096,Books,S005,15-07-2024,100.97,10.22,50.79
P3530,Books,S001,17-05-2024,221.47,44.7,34.37
P9217,Clothing,S004,20-05-2024,51.01,40.91,8.47
P8468,Clothing,S003,06-10-2024,259.9,46.72,90.4
P7744,Books,S002,23-09-2024,479.61,33.19,45.5
P1824,Clothing,S001,20-12-2024,240.88,32.49,60.55
P6230,Books,S005,11-07-2024,60.99,7.66,54.67
P2308,Clothing,S003,04-04-2024,240.47,36.11,70.28
P7085,Books,S002,22-09-2024,245.95,45.6,75.35
P9815,Clothing,S003,11-08-2024,206.52,40.7,82.67
P7855,Home Appliances,S004,08-04-2024,168.65,48.09,54.56
P4677,Electronics,S003,22-08-2024,332.6,14.37,67.75
P7969,Home Appliances,S002,05-09-2024,278.01,26.35,87.64
P9583,Home Appliances,S004,30-12-2024,414.81,26.99,97.37
P8135,Electronics,S005,15-01-2024,380.01,5.05,87.23
P7621,Clothing,S001,16-11-2024,88.75,29.42,31.85
P1734,Home Appliances,S002,03-03-2024,316.01,11.77,10.78
P6115,Electronics,S005,09-11-2024,68.5,37.29,66.21
P8479,Electronics,S002,15-03-2024,278.94,37.33,84.16
P8985,Books,S001,27-08-2024,178.61,7.44,14.56
P5992,Home Appliances,S003,28-03-2024,198.67,25.35,98.38
P8973,Home Appliances,S001,23-09-2024,334.25,38.95,82.97
P1214,Electronics,S002,28-05-2024,299.2,48.44,99.44
P3234,Home Appliances,S003,23-10-2024,218.78,39,67.49
P4181,Groceries,S005,24-05-2024,241.6,17.03,48.59
P4532,Clothing,S004,04-11-2024,198.65,13.65,40.5
P6888,Clothing,S001,01-12-2024,120.58,38.09,65.2
P5659,Home Appliances,S004,09-09-2024,266.5,48.55,27.13
P3396,Clothing,S002,13-07-2024,135.53,41.16,11.12
P4815,Clothing,S004,03-10-2024,247.24,24.47,79.49
P3998,Home Appliances,S004,01-08-2024,92.99,3.42,22.36
P1979,Clothing,S002,21-12-2024,125.17,5.43,15.09
P5208,Home Appliances,S003,25-04-2024,254.53,48.81,33.65
P5546,Books,S002,14-09-2024,370.35,21.39,90.32
P4352,Electronics,S004,27-05-2024,175.46,23.61,91.08
P6345,Electronics,S003,19-04-2024,331.26,45.7,22.57
P8254,Books,S004,07-12-2024,186.71,40.02,77.58
P1167,Electronics,S001,21-12-2024,336.35,33.37,97.5
P3264,Home Appliances,S005,28-05-2024,64.04,2.26,72.74
P9788,Groceries,S003,07-05-2024,161.03,39.29,71.74
P1574,Home Appliances,S003,20-08-2024,126.25,31.18,31.08
P4898,Books,S002,25-04-2024,184.59,31.21,6.3
P3381,Clothing,S004,29-06-2024,179.75,9.63,22.39
P1510,Electronics,S005,17-10-2024,345.32,18.34,39.79
P2663,Home Appliances,S002,11-12-2024,349.26,33.89,6.09
P3978,Books,S003,07-04-2024,482.62,6.12,83.9
P9721,Clothing,S001,01-12-2024,369.68,48.75,23.82
P2842,Books,S005,28-02-2024,450.26,49.71,22.42
P9079,Clothing,S003,04-01-2025,70.64,17.44,38.75
P6980,Books,S003,13-03-2024,56.98,4.48,28.79
P9361,Home Appliances,S001,16-06-2024,438.33,22.46,44.62
P4221,Clothing,S004,30-08-2024,457.11,2.07,86.49
P4180,Groceries,S005,25-09-2024,314.08,22.95,10.54
P5035,Books,S002,28-11-2024,233.72,36.4,53.8
P6564,Books,S002,22-04-2024,162.55,5.44,28.88
P4210,Electronics,S001,02-02-2024,113.95,44.77,93.22
P8278,Groceries,S005,16-05-2024,288.18,43.85,84.45
P3880,Home Appliances,S004,22-11-2024,277.28,19.81,17.22
P9724,Home Appliances,S005,03-01-2025,64.74,0.03,87.25
P6834,Clothing,S003,31-05-2024,291.15,30.24,49.23
P8075,Clothing,S004,09-02-2024,219.49,18.68,29.19
P6132,Groceries,S002,31-10-2024,224.19,1.59,91.51
P2482,Home Appliances,S005,23-11-2024,138.25,13.8,7.61
P9677,Clothing,S002,14-08-2024,19.03,25.65,75.37
P9977,Clothing,S003,17-07-2024,490.24,36.04,69.43
P7859,Clothing,S005,29-10-2024,206.91,49.98,92.87
P1286,Electronics,S004,31-12-2024,337.39,10.79,28.68
P7878,Clothing,S003,01-05-2024,17.05,10.29,8.03
P3639,Clothing,S004,01-05-2024,382.31,38.82,23.77
P8652,Electronics,S002,16-03-2024,189.75,28.56,95.92
P5197,Books,S003,30-05-2024,462.88,8.66,27.99
P6646,Groceries,S001,26-12-2024,258.39,40.01,54.94
P4977,Groceries,S002,17-08-2024,282.3,32.14,82.77
P1188,Groceries,S003,06-12-2024,433.08,38.31,56.1
P1222,Groceries,S004,21-10-2024,247.31,32.49,76.87
P9080,Electronics,S003,30-12-2024,40.17,43.53,30.33
P9997,Groceries,S005,21-05-2024,417.53,11.27,18.69
P5957,Clothing,S003,16-06-2024,374.32,14.15,7.27
P1007,Groceries,S003,24-04-2024,195.97,31,40.79
P2203,Clothing,S002,09-11-2024,237.79,5.45,23.88
P7879,Clothing,S002,25-03-2024,25.17,31.79,97.2
P6061,Books,S005,27-07-2024,29.62,33.58,48.35
P6224,Books,S003,24-11-2024,258.17,12.72,58.11
P9094,Books,S001,21-09-2024,221.06,37.17,87.18
P6159,Books,S005,16-03-2024,484.86,6.72,41.52
P5902,Clothing,S001,28-01-2024,373.54,36.01,94.45
P2442,Clothing,S004,01-05-2024,467.4,45.59,32.8
P8237,Home Appliances,S001,24-08-2024,192.31,27.37,25.53
P1208,Books,S004,06-09-2024,222.15,41.81,71.91
P6955,Books,S004,13-07-2024,319.8,33.9,48.26
P1716,Clothing,S003,15-03-2024,461.83,29.67,54.2
P8413,Electronics,S002,28-05-2024,337.56,4.62,40.84
P4484,Books,S003,28-07-2024,70.7,38.85,43.97
P6715,Clothing,S001,08-05-2024,394.42,35.77,73.74
P5648,Clothing,S003,29-04-2024,302.02,49.75,49.01
P9784,Groceries,S005,01-03-2024,241.32,3.85,53.84
P6176,Clothing,S001,15-03-2024,426.94,46.28,11.74
P6665,Books,S004,07-05-2024,190.83,7.58,49.29
P8668,Home Appliances,S004,24-11-2024,152.98,29.32,99.09
P3069,Clothing,S001,04-05-2024,313.76,39.62,78.68
P1346,Books,S002,23-01-2024,369.5,3.81,98.5
P8470,Clothing,S004,30-11-2024,463.8,49.18,24.04
P9727,Electronics,S001,17-12-2024,172.75,6.09,60.48
P6041,Books,S001,29-03-2024,454.01,48.04,5.62
P1475,Electronics,S004,16-09-2024,65.73,19.47,68.46
P2624,Home Appliances,S003,12-06-2024,309.28,6.47,53.52
P3888,Electronics,S003,19-02-2024,236.35,43.52,25.7
P8771,Clothing,S002,17-02-2024,385.13,4.64,96.26
P8075,Books,S005,07-06-2024,99.32,45.27,10.18
P1865,Home Appliances,S003,30-10-2024,376.31,26.69,50.63
P3156,Clothing,S002,08-05-2024,371.07,31.18,58.25
P9482,Groceries,S003,07-03-2024,446.34,1.01,46.1
P6521,Books,S003,05-02-2024,24.77,35.67,10.01
P8787,Clothing,S003,25-12-2024,227.34,39.16,67.53
P4384,Groceries,S005,11-02-2024,58.85,26.05,92.32
P5775,Books,S005,13-08-2024,438.01,27.01,17.68
P7623,Books,S002,03-05-2024,430.97,1.41,90.52
P9898,Home Appliances,S002,12-03-2024,260.87,40.99,92.21
P1481,Books,S001,15-06-2024,213.26,19.29,70.01
P9416,Books,S002,26-01-2024,167.18,1.31,56.83
P5682,Clothing,S003,03-06-2024,151.47,13.73,10.8
P2579,Groceries,S003,30-09-2024,35.18,22,39.69
P8379,Electronics,S003,05-04-2024,38.96,22.8,85.28
P7916,Books,S001,21-01-2024,341.39,10.33,26.97
P8172,Groceries,S003,02-04-2024,368.23,4.17,78.36
P9283,Clothing,S002,25-07-2024,387.55,40.09,65.11
P7276,Electronics,S001,27-02-2024,28.12,7.02,90.7
P5989,Electronics,S001,04-10-2024,162.18,43.93,48.51
P9781,Clothing,S003,26-06-2024,394.84,3.97,16.86
P3263,Groceries,S002,22-02-2024,483.62,18.35,60.76
P6453,Books,S004,21-12-2024,376.12,35.55,80.35
P5872,Clothing,S003,13-01-2024,81.87,19.31,89.32
P1965,Electronics,S001,28-10-2024,220.07,7.6,64.69
P2521,Clothing,S003,02-10-2024,461.4,24.99,60.9
P7323,Books,S002,18-11-2024,158.11,35.28,38.13
P9789,Books,S001,16-10-2024,343.61,21.7,83.67
P3443,Clothing,S002,22-08-2024,94.71,31.44,69.84
P8607,Home Appliances,S003,02-12-2024,107.65,42.28,88.74
P4664,Home Appliances,S002,14-01-2024,21.59,42.4,81.51
P1521,Home Appliances,S004,15-07-2024,329.62,31.59,42.23
P8846,Home Appliances,S004,21-11-2024,71.03,6.71,52.47
P9731,Electronics,S002,10-01-2024,70.26,27.48,62.23
P1619,Clothing,S004,27-08-2024,356.12,14.93,78.84
P2334,Books,S003,19-03-2024,364.37,6.93,9.6
P9785,Groceries,S001,12-09-2024,480.05,23.81,54.8
P7868,Books,S001,01-08-2024,239.39,12.08,47.99
P6087,Clothing,S003,03-03-2024,62.57,9.17,70.51
P6104,Books,S002,30-06-2024,209.16,9.71,8.02
P2023,Clothing,S001,14-04-2024,482.93,9.61,84.38
P6038,Groceries,S002,10-08-2024,143.38,9.44,71.6
P1637,Home Appliances,S002,17-01-2024,244.67,2.07,37.5
P5370,Home Appliances,S005,10-10-2024,205.37,48.64,67.89
P2788,Home Appliances,S005,07-08-2024,426.3,16.8,41.28
P6687,Groceries,S004,08-09-2024,434.36,42.61,59.87
P3928,Clothing,S002,02-10-2024,217.1,45.99,60.51
P7040,Books,S005,20-02-2024,367.48,0.1,70.83
P5707,Groceries,S003,17-04-2024,271.07,16.73,20.54
P5940,Electronics,S002,17-08-2024,52.68,42.11,71.91
P7424,Books,S004,28-07-2024,154.8,42.21,71.36
P7682,Home Appliances,S004,22-11-2024,156.71,30.93,75.87
P8901,Books,S003,07-04-2024,107.71,48.85,70.79
P5892,Clothing,S001,12-05-2024,252.44,30.27,53.12
P9762,Groceries,S001,16-11-2024,315.46,40.57,92.95
P3415,Electronics,S005,16-08-2024,346.7,25.36,6.49
P2038,Groceries,S002,12-09-2024,183.74,1.79,68.31
P4403,Electronics,S002,04-02-2024,397.62,45.55,76.15
P9316,Clothing,S001,17-01-2024,456.72,29.09,8.44
P6448,Electronics,S001,07-08-2024,208.24,17.07,48.22
P1238,Electronics,S004,15-02-2024,404.53,6.75,17.64
P3236,Books,S004,24-01-2024,283.8,28.26,87.93
P9765,Clothing,S004,12-10-2024,271.61,1.08,26.14
P7758,Groceries,S004,22-05-2024,265.48,20.22,16.72
P4758,Books,S004,01-10-2024,370.86,34.57,26.7
P4286,Clothing,S005,20-01-2024,350.5,5.76,52.45
P7346,Groceries,S005,27-08-2024,206.66,21.24,25.33
P5813,Electronics,S003,03-08-2024,119.18,33.54,59.08
P5631,Clothing,S002,21-01-2024,173.79,7.92,37.62
P3718,Home Appliances,S003,31-10-2024,10.68,14.29,12.37
P9049,Groceries,S005,10-01-2024,457.17,49.67,20.63
P9449,Books,S003,23-08-2024,52.17,13.76,8.07
P7038,Clothing,S001,16-12-2024,22.9,24.89,28.74
P8404,Books,S001,06-01-2025,440.79,26.25,67.78
P5674,Groceries,S004,22-10-2024,234.05,42.94,99.05
P5313,Electronics,S003,05-07-2024,239.03,18.58,94.52
P2477,Home Appliances,S005,11-04-2024,25.18,7.78,44.15
P1853,Groceries,S003,01-06-2024,415.23,6.77,90.14
P8864,Books,S002,29-08-2024,23.5,1.46,65.88
P4846,Electronics,S003,27-01-2024,73.99,10.95,43.88
P6731,Clothing,S001,20-10-2024,473.79,7.99,45.45
P4066,Home Appliances,S001,01-06-2024,144.52,28.38,34.52
P7392,Home Appliances,S005,06-12-2024,367.98,9.42,29.65
P3463,Books,S003,11-06-2024,234.25,24.54,85.47
P9493,Groceries,S005,11-01-2024,306.26,2.33,57.87
P3611,Electronics,S002,19-06-2024,405.55,42.72,48.01
P5803,Home Appliances,S005,25-06-2024,333.02,8.24,73.02
P2436,Electronics,S001,02-04-2024,481.16,49.92,15.92
P9431,Clothing,S004,12-11-2024,125.36,19,9.01
P7184,Clothing,S003,17-04-2024,383.39,14.87,44.04
P5097,Clothing,S003,16-12-2024,128.1,31.41,78.51
P4757,Clothing,S001,07-09-2024,323.51,48.91,70.68
P4366,Electronics,S001,05-04-2024,119.65,8.19,53.56
P3659,Clothing,S005,20-11-2024,357.28,20.68,86.27
P6906,Groceries,S004,12-09-2024,442.47,4.02,18.95
P1240,Electronics,S002,14-11-2024,375.2,16.33,21.52
P9962,Clothing,S003,12-01-2024,240.94,31.13,61.33
P2455,Home Appliances,S002,26-11-2024,262.71,16.53,75.74
P5884,Groceries,S001,29-11-2024,293.29,35.15,30.56
P9801,Books,S005,26-07-2024,413.14,22.23,70.35
P1723,Home Appliances,S001,16-10-2024,51.34,37.03,60.59
P1374,Groceries,S004,20-06-2024,306.23,26.44,14.18
P4681,Electronics,S004,13-06-2024,306.58,38.49,53.53
P1450,Groceries,S005,14-05-2024,327.08,1.14,6.77
P2210,Electronics,S005,08-01-2025,237.82,8.1,11.06
P9218,Electronics,S005,19-10-2024,303.72,42.79,46.44
P2681,Electronics,S001,18-06-2024,156.42,32.06,47.59
P6331,Clothing,S001,21-09-2024,80.91,24.45,29.15
P8383,Electronics,S002,25-06-2024,410.65,19.39,26.92
P8691,Groceries,S002,22-01-2024,162.82,45.82,11.45
P2273,Groceries,S003,03-05-2024,328.1,17.97,6.95
P3979,Clothing,S002,11-02-2024,361.18,45.8,30.86
P5302,Clothing,S003,27-09-2024,287.56,0.79,71.55
P9582,Clothing,S002,17-07-2024,356.06,5.64,55.59
P7718,Home Appliances,S005,24-06-2024,433.53,24.82,95.8
P7254,Clothing,S001,26-04-2024,190.31,35.12,10.89
P5200,Electronics,S001,11-03-2024,222.54,48.98,58.2
P1502,Home Appliances,S005,11-01-2024,199.39,24,33.66
P3400,Books,S003,29-09-2024,200.75,43.82,14.62
P4768,Home Appliances,S002,07-10-2024,308.65,43.76,61.86
P2841,Home Appliances,S003,27-11-2024,272.07,32.69,75.19
P2903,Clothing,S005,24-12-2024,139.45,30.91,80.35
P3159,Groceries,S005,01-01-2025,317.43,12.7,94.29
P9863,Home Appliances,S004,23-10-2024,319.05,44.81,84.02
P5765,Home Appliances,S004,25-06-2024,149.1,6.89,35.86
P5134,Books,S001,25-02-2024,323.97,22.52,91.95
P1345,Electronics,S004,13-09-2024,205.11,35.47,68.95
P6959,Electronics,S002,14-11-2024,49.5,21.29,55.91
P1806,Groceries,S004,10-12-2024,193.41,24.55,15.93
P1522,Books,S002,07-12-2024,182.42,19.78,39.31
P1714,Clothing,S001,19-06-2024,338.09,28.91,74.44
P1874,Books,S005,18-11-2024,248.57,29.58,7.63
P3837,Groceries,S001,15-08-2024,392.86,31.44,11.78
P4668,Home Appliances,S005,08-11-2024,120.15,20.15,56.3
P4528,Clothing,S003,20-12-2024,63.93,1.61,60.57
P9708,Electronics,S002,11-09-2024,473.93,5.77,97.98
P5123,Electronics,S004,23-09-2024,139.79,32.19,24.3
P7090,Electronics,S001,04-11-2024,367.56,32.54,25.38
P8875,Books,S005,08-03-2024,427.3,1.35,50.32
P2858,Home Appliances,S005,29-10-2024,395.35,12.89,17.26
P6565,Home Appliances,S005,02-01-2025,111.28,15.01,9.82
P4100,Electronics,S005,24-08-2024,497.49,23.54,69.07
P8104,Home Appliances,S004,20-12-2024,413.49,20.33,80.68
P2115,Groceries,S003,30-10-2024,447.21,43.08,77.92
P6864,Books,S001,18-04-2024,129.02,3.56,47.06
P8896,Clothing,S002,09-05-2024,42.83,41.01,42.44
P2828,Groceries,S002,05-03-2024,266.27,23.38,18.74
P8501,Home Appliances,S003,27-01-2024,119.42,17.65,98
P1351,Home Appliances,S003,08-01-2025,449.22,27.68,63.18
P8043,Groceries,S001,14-04-2024,472.09,16.29,64.81
P1207,Home Appliances,S002,20-02-2024,428.73,29.82,12.17
P5307,Groceries,S004,14-09-2024,300.43,28.7,92.19
P4553,Groceries,S003,19-02-2024,55.89,14.58,63.75
P1057,Books,S003,13-09-2024,326.29,43.95,88.13
P4470,Electronics,S004,19-07-2024,399.88,35.27,33.48
P1275,Clothing,S003,04-03-2024,124.13,7.91,8.93
P2333,Books,S004,16-10-2024,178.46,20.86,12.54
P1281,Home Appliances,S004,14-01-2024,186.93,26.09,68
P8320,Clothing,S002,14-10-2024,288.93,23.37,50.45
P5793,Home Appliances,S005,06-01-2025,400.67,15.98,18.82
P2115,Home Appliances,S001,10-12-2024,389.69,9.35,70.86
P2265,Groceries,S003,19-03-2024,99.09,26.01,50.41
P8956,Groceries,S003,19-01-2024,318.68,1.52,69.69
P4192,Home Appliances,S001,15-11-2024,407.39,36.72,90.04
P5229,Books,S001,04-01-2025,13.57,20.15,29.3
P4806,Home Appliances,S001,20-02-2024,124.49,25.65,8.93
P3109,Home Appliances,S003,14-09-2024,68.32,26.1,39.92
P3284,Groceries,S003,27-12-2024,64.52,8.9,50.78
P9736,Clothing,S005,22-11-2024,183.86,39.61,8.98
P1081,Groceries,S001,18-06-2024,323.27,32.74,33.45
P2001,Groceries,S004,07-07-2024,68.45,4.42,94.57
P2457,Electronics,S002,07-08-2024,221.4,30.3,34.07
P8253,Electronics,S002,06-07-2024,297.37,8.64,56.22
P2911,Books,S003,25-08-2024,280.68,36.37,45.36
P5931,Books,S002,22-03-2024,186.68,8.12,64.05
P6867,Books,S003,28-09-2024,161.35,20.44,79.18
P8683,Groceries,S002,22-04-2024,456.7,44.99,65.22
P2468,Home Appliances,S003,12-10-2024,379.01,48.82,12.51
P7413,Books,S003,03-01-2025,379.4,46.56,40.85
P7130,Home Appliances,S005,11-02-2024,492.27,31.81,51.4
P1205,Clothing,S001,21-11-2024,32.49,10.75,18.09
P9497,Groceries,S005,22-03-2024,207.7,32.65,5.47
P2668,Home Appliances,S005,04-05-2024,482.66,7.69,90.96
P1314,Clothing,S001,22-01-2024,173.45,19.7,72.9
P4087,Electronics,S001,24-09-2024,380.17,15.8,19.28
P8455,Home Appliances,S001,13-06-2024,189.07,10.8,88.73
P2660,Electronics,S005,30-03-2024,479.36,39.29,41.5
P6382,Clothing,S004,08-04-2024,154.92,31.51,56.89
P5369,Home Appliances,S004,25-01-2024,264.3,19.78,9.19
P8353,Groceries,S001,08-05-2024,253.17,37.02,12.55
P4882,Books,S002,12-06-2024,368.66,24.69,79.36
P5734,Clothing,S003,31-12-2024,169.54,7.18,45.79
P5646,Clothing,S003,12-09-2024,414.45,39.99,66.26
P7254,Clothing,S004,29-09-2024,174.14,14.95,39.11
P7939,Electronics,S002,22-04-2024,226.55,38,27.46
P5454,Groceries,S005,08-03-2024,483.26,40.86,56.06
P9309,Electronics,S004,25-08-2024,135.72,40.08,63.67
P7536,Clothing,S003,27-02-2024,341.21,21.71,86.74
P9192,Electronics,S005,06-02-2024,202.04,43.95,71.84
P6291,Books,S004,20-06-2024,496.16,26.71,77.67
P6156,Home Appliances,S002,14-04-2024,473.12,30.8,44.63
P8033,Clothing,S004,05-02-2024,399.6,24.9,30.51
P6133,Home Appliances,S002,18-07-2024,84.23,12.84,16.86
P7069,Home Appliances,S005,10-05-2024,491.91,17.73,94.68
P3408,Electronics,S005,30-08-2024,395.28,18.74,95.08
P1075,Books,S001,15-11-2024,408.88,38.32,33.19
P6308,Home Appliances,S003,30-10-2024,454.59,32.79,54.26
P2174,Books,S004,26-11-2024,95.51,13.64,62.43
P8060,Groceries,S003,16-02-2024,496.3,17.51,13.58
P3815,Groceries,S005,03-02-2024,101.59,28.08,92.55
P8773,Home Appliances,S005,19-04-2024,362.8,5.76,12.25
P4587,Groceries,S003,16-12-2024,10.08,5.02,89.35
P9027,Electronics,S003,17-06-2024,249.43,24.77,19.25
P3835,Clothing,S002,07-03-2024,328.1,31,72.04
P8633,Books,S001,27-07-2024,401.28,25.89,5.32
P2650,Electronics,S002,15-04-2024,65.48,38.24,69.21
P9429,Electronics,S003,03-03-2024,461.21,33.68,66.85
P2409,Books,S004,12-12-2024,412.64,24.39,19.59
P6129,Groceries,S003,12-11-2024,302.7,45.41,37.28
P3984,Home Appliances,S005,23-06-2024,227.03,24.76,33.74
P4091,Clothing,S002,01-10-2024,440.98,39.25,83.23
P4979,Groceries,S003,26-09-2024,15.78,23.03,39.95
P6766,Books,S001,30-03-2024,413.84,41.43,79.53
P9241,Groceries,S003,27-04-2024,171.6,4.2,32.47
P6541,Electronics,S003,01-06-2024,191.63,26.82,74.09
P1896,Clothing,S004,24-01-2024,111.89,43.74,67
P2870,Groceries,S002,03-10-2024,15.6,27.73,22.96
P2292,Clothing,S001,21-04-2024,415.9,13.91,53.65
P2483,Books,S003,13-01-2024,180.51,13.3,25.84
P9829,Books,S004,14-01-2024,61.5,19.43,93.43
P5499,Electronics,S005,05-02-2024,428.55,46.86,49.19
P5580,Home Appliances,S001,21-12-2024,429.31,14.36,45.8
P2956,Clothing,S003,06-07-2024,224.16,2.95,92.97
P2329,Home Appliances,S002,19-02-2024,334.66,2.86,8.91
P4641,Books,S002,26-12-2024,33.24,37.83,78.88
P4434,Electronics,S005,26-10-2024,257.41,32.02,25.41
P8025,Books,S002,16-08-2024,343.08,25.1,37.29
P1734,Books,S005,28-03-2024,486.79,42.29,55.72
P6241,Books,S004,31-10-2024,312.07,46.98,77.19
P5361,Home Appliances,S005,02-04-2024,339.07,18.59,72.69
P6983,Clothing,S001,25-01-2024,246.69,27,25.7
P1307,Groceries,S004,06-04-2024,461.64,4.47,68.15
P1766,Groceries,S001,30-04-2024,382.19,44.22,6.68
P9156,Books,S005,15-05-2024,356.89,10.82,19.49
P8023,Electronics,S003,08-10-2024,208.39,34.32,73.15
P8773,Electronics,S001,27-09-2024,373.98,42.99,58.1
P1915,Clothing,S003,19-03-2024,305.7,14.81,28.78
P5817,Clothing,S004,09-07-2024,108.74,35.73,12.19
P3970,Electronics,S005,23-07-2024,233.53,43.22,93.64
P6985,Groceries,S005,12-07-2024,159.96,12.86,95.05
P5110,Electronics,S003,18-10-2024,125.99,4.33,83.23
P1128,Home Appliances,S004,22-08-2024,182.71,43.68,11.42
P1488,Books,S002,20-04-2024,268.61,40.88,35.09
P4887,Groceries,S005,18-06-2024,77.31,28.53,58.73
P3839,Electronics,S002,30-05-2024,265.76,18.48,77.43
P9172,Groceries,S003,22-01-2024,372.96,23.23,86.09
P1971,Books,S004,09-11-2024,156.81,11.33,23.55
P2650,Books,S001,30-01-2024,418.09,15.96,55.96
P3828,Home Appliances,S001,28-06-2024,458.02,14.13,91.77
P1566,Home Appliances,S001,24-01-2024,222.04,9.96,67.63
P5402,Groceries,S005,24-09-2024,125.2,19.45,63.86
P2937,Groceries,S005,23-09-2024,73.54,47.29,87.52
P4832,Books,S003,05-03-2024,398.11,16.36,82.49
P2076,Clothing,S003,04-01-2025,472.24,39.47,64.56
P4943,Books,S001,08-04-2024,125.98,48.39,12.11
P9538,Electronics,S005,22-04-2024,252.73,30.28,97.97
P9171,Groceries,S002,14-07-2024,201.36,0.94,25.73
P5380,Clothing,S005,15-03-2024,199.07,1.36,32.92
P4855,Home Appliances,S005,09-05-2024,417.98,22.66,59.76
P6587,Electronics,S005,05-02-2024,132.06,23.26,40.41
P1248,Electronics,S001,30-06-2024,403.54,37.74,72.75
P8931,Clothing,S005,22-04-2024,393.21,33.23,58.65
P4818,Groceries,S005,28-08-2024,353.99,14.08,59.85
P4879,Groceries,S005,27-05-2024,203.32,19.81,20.1
P6745,Home Appliances,S004,24-11-2024,458.69,44.48,49.72
P8351,Electronics,S005,10-01-2024,407.55,11.86,20.44
P9764,Books,S005,14-05-2024,405.22,13.55,90.18
P7433,Clothing,S002,22-06-2024,56.83,19.74,53.51
P4483,Home Appliances,S003,02-02-2024,52.52,19.96,30.85
P6018,Groceries,S002,16-04-2024,409.3,49.9,41
P1718,Clothing,S004,30-09-2024,266.6,1.52,79.35
P3009,Books,S002,17-03-2024,157.51,7.05,94
P7233,Groceries,S004,12-01-2024,203.3,19.63,45.69
P6465,Books,S001,16-04-2024,444.26,11.16,20.58
P7021,Books,S001,02-03-2024,339,10.02,62.44
P2408,Electronics,S002,11-08-2024,201.83,16.47,29.13
P1736,Home Appliances,S003,24-05-2024,118.63,18.09,41.71
P9952,Home Appliances,S003,14-07-2024,456.43,43.17,6.68
P2888,Home Appliances,S002,18-02-2024,14.11,14.33,18.41
P8757,Groceries,S003,09-07-2024,347.06,5.53,66.04
P3270,Books,S001,23-03-2024,246.2,41.87,24.83
P5586,Clothing,S004,02-06-2024,357.14,38.66,35.16
P1852,Electronics,S004,12-04-2024,391.17,20.54,71.57
P6774,Clothing,S001,02-06-2024,109.13,10.33,24.23
P5560,Groceries,S005,21-02-2024,350.05,9.15,26.76
P4799,Books,S004,13-01-2024,354.69,25.23,31.76
P2761,Clothing,S002,02-04-2024,386.03,44.39,71.55
P6666,Home Appliances,S004,21-11-2024,151.82,2.91,17.47
P2247,Electronics,S001,28-12-2024,298.47,10.47,8.87
P4309,Books,S002,19-05-2024,132.3,36.59,45.4
P6928,Groceries,S004,04-01-2025,210.69,12.75,37.96
P3778,Home Appliances,S004,22-08-2024,116.91,45.45,88.13
P8302,Groceries,S003,30-04-2024,103.25,13.7,60.9
P5199,Groceries,S004,16-12-2024,139.75,46.59,30.63
P2798,Books,S002,17-06-2024,296.24,15.16,13.42
P9143,Books,S001,28-06-2024,103.08,41.73,35.17
P7714,Electronics,S001,27-11-2024,169.41,19.14,47.54
P5247,Clothing,S003,24-01-2024,390.23,45.3,93.3
P4424,Groceries,S001,18-06-2024,475.98,38.73,46.4
P8339,Electronics,S002,06-02-2024,368.92,15.9,58.96
P7581,Electronics,S001,05-11-2024,392.88,15.81,50.31
P9232,Clothing,S002,23-02-2024,256.65,43.71,60.68
P3578,Home Appliances,S002,01-11-2024,313.15,44.89,45.61
P1329,Electronics,S002,24-03-2024,206.55,13.07,5.5
P5460,Books,S004,31-12-2024,36.75,45.79,9.5
P4033,Electronics,S003,15-09-2024,475.36,14.9,87.4
P4516,Home Appliances,S005,15-12-2024,286.86,26.69,7.63
P7120,Home Appliances,S001,15-03-2024,21.98,13.19,72.04
P3271,Groceries,S002,01-09-2024,146.47,49.25,67.9
P9205,Groceries,S003,24-01-2024,415.81,3.63,84.43
P8208,Home Appliances,S005,09-08-2024,374.42,24.64,68.65
P1060,Clothing,S005,03-01-2025,118.12,37.05,84.98
P1686,Electronics,S005,22-08-2024,166.88,43.49,9.35
P7576,Groceries,S002,04-07-2024,414.5,41.5,63.54
P9331,Electronics,S002,09-10-2024,452.43,42.01,82.68
P3964,Home Appliances,S004,14-02-2024,153.1,35.38,31.66
P1867,Electronics,S002,22-09-2024,12.25,37.83,59.58
P4959,Groceries,S002,20-07-2024,177.06,3.55,84.83
P3550,Home Appliances,S004,01-08-2024,398.89,9.23,68.41
P6332,Books,S001,21-02-2024,96.65,18.22,36.03
P1623,Clothing,S003,09-12-2024,54.21,8.73,21
P1627,Groceries,S004,08-09-2024,97.32,17.18,8.22
P6227,Home Appliances,S002,28-09-2024,412.32,2.96,32.37
P2157,Home Appliances,S001,01-12-2024,61.88,1.33,20.59
P6337,Home Appliances,S001,21-06-2024,236.5,20.78,28.73
P2161,Electronics,S001,22-04-2024,21.45,48.5,67.38
P4322,Clothing,S004,28-11-2024,42.4,20.1,60.47
P2103,Groceries,S003,04-03-2024,235.09,30.8,48.27
P2624,Home Appliances,S005,11-10-2024,29.01,6.28,78.96
P2981,Home Appliances,S005,25-02-2024,332.59,43.83,14.78
P6309,Groceries,S002,18-08-2024,476.57,34.27,63.1
P8718,Groceries,S004,12-11-2024,376.04,47.29,53.68
P9659,Clothing,S004,24-06-2024,441.61,21.36,45.59
P3920,Electronics,S001,07-11-2024,172.06,7.4,23.07
P6958,Books,S004,03-03-2024,324.07,49.61,36.82
P5859,Groceries,S002,15-08-2024,221.96,3.5,19.13
P5282,Groceries,S002,11-06-2024,131.5,24.63,45.82
P1261,Books,S002,10-09-2024,133.94,13.75,90.02
P5741,Groceries,S001,03-03-2024,172.36,6.14,70.45
P1920,Electronics,S004,28-07-2024,62.5,26.66,33.87
P8736,Electronics,S003,24-10-2024,385.79,43.41,48.16
P6231,Home Appliances,S001,18-11-2024,340.02,23.47,77.09
P1609,Clothing,S002,15-07-2024,368.29,4.53,43.17
P5309,Books,S004,25-07-2024,71.92,42.76,72.43
P2748,Groceries,S003,05-09-2024,107.18,41.03,14.93
P7888,Electronics,S001,21-10-2024,188.08,36.04,9.97
P2966,Clothing,S004,08-08-2024,415.82,13.2,80.98
P7527,Clothing,S002,06-06-2024,62.26,42.87,82.13
P7968,Books,S004,07-10-2024,395.86,24.18,45.94
P1732,Home Appliances,S003,20-12-2024,451.17,40.93,91.25
P4971,Groceries,S001,19-03-2024,141.48,12.62,62.84
P7244,Electronics,S004,21-12-2024,92.24,29.11,88.78
P3327,Books,S001,26-02-2024,211.52,24.23,94.92
P3646,Clothing,S002,09-05-2024,413.09,19.45,83.84
P5679,Clothing,S005,19-10-2024,267.74,17.59,21.67
P8695,Groceries,S005,16-11-2024,69.36,9.56,69.26
P7236,Clothing,S002,06-10-2024,80.6,31.63,86.2
P6075,Clothing,S002,01-03-2024,273.99,45.06,29.76
P4498,Books,S001,06-08-2024,158.98,33.97,57.5
P7392,Home Appliances,S002,29-08-2024,255.38,9.59,5.6
P2967,Books,S004,12-11-2024,42.45,45.08,32.29
